Node;Process;Thread;#max_time_on_cpu_s;#Stop Time US;Time (s);Math (%);#Elapsed Time;String (%);#Stop Time S;Others (%);System (%);#Start Time US;Memory (%);OMP (%);Binary (%);Nb Cycle Events;#max_context_switch_time_s;IO (%);#Start Time S;MPI (%);Pthread (%);
_ALL;_ALL;_ALL;0;436856;14.060029983521;0;15.807541847229;12.695564104683;1740058503;3.3428092543466;66.358318318962;629314;2.1337078893593;0;0;2812.0062872344;0;14.900393541201;1740058487;0;0.56898877049581;
6b4e9423a5b1;_ALL;_ALL;0;436856;14.060029983521;0;15.807541847229;12.695564104683;1740058503;3.3428092543466;66.358318318962;629314;2.1337078893593;0;0;2812.0062872344;0;14.900393541201;1740058487;0;0.56898877049581;
6b4e9423a5b1;5758;_ALL;0;436856;14.060029983521;0;15.807541847229;12.695564104683;1740058503;3.3428092543466;66.358318318962;629314;2.1337078893593;0;0;2812.0062872344;0;14.900393541201;1740058487;0;0.56898877049581;
6b4e9423a5b1;5758;5758;15.7799949646;436856;14.060029983521;0;15.807541847229;12.695564104683;1740058503;3.3428092543466;66.358318318962;629314;2.1337078893593;0;0;2812.0062872344;3.191999912262;14.900393541201;1740058487;0;0.56898877049581;
