name;time_p;time_s;cpi_ratio;
/usr/lib/aarch64-linux-gnu/libc.so.6;69.858169555664;0.98499989509583;;
Unknown module;30.141851425171;0.42499998211861;;
