Node;Process;Thread;#max_time_on_cpu_s;#Stop Time US;Time (s);Math (%);#Elapsed Time;String (%);#Stop Time S;Others (%);System (%);#Start Time US;Memory (%);OMP (%);Binary (%);Nb Cycle Events;#max_context_switch_time_s;IO (%);#Start Time S;MPI (%);Pthread (%);
_ALL;_ALL;_ALL;0;418951;1.4099996089935;0;1.4238970279694;0;1740057740;100.00002014901;0;995054;0;0;0;281.99995278321;0;0;1740057738;0;0;
6b4e9423a5b1;_ALL;_ALL;0;418951;1.4099996089935;0;1.4238970279694;0;1740057740;100.00002014901;0;995054;0;0;0;281.99995278321;0;0;1740057738;0;0;
6b4e9423a5b1;5646;_ALL;0;418951;1.4099996089935;0;1.4238970279694;0;1740057740;100.00002014901;0;995054;0;0;0;281.99995278321;0;0;1740057738;0;0;
6b4e9423a5b1;5646;5646;1.4149960279465;418951;1.4099996089935;0;1.4238970279694;0;1740057740;100.00002014901;0;995054;0;0;0;281.99995278321;1.4149960279465;0;1740057738;0;0;
