Node;Process;Thread;#max_time_on_cpu_s;#Stop Time US;Time (s);Math (%);#Elapsed Time;String (%);#Stop Time S;Others (%);System (%);#Start Time US;Memory (%);OMP (%);Binary (%);Nb Cycle Events;#max_context_switch_time_s;IO (%);#Start Time S;MPI (%);Pthread (%);
_ALL;_ALL;_ALL;0;453826;14.659986495972;0;15.397406578064;12.141894008442;1740060696;2.5920894516354;67.530750790489;56419;1.7735348096564;0;0;2931.9976420125;0;15.654857447659;1740060681;0;0.3069579412629;
6b4e9423a5b1;_ALL;_ALL;0;453826;14.659986495972;0;15.397406578064;12.141894008442;1740060696;2.5920894516354;67.530750790489;56419;1.7735348096564;0;0;2931.9976420125;0;15.654857447659;1740060681;0;0.3069579412629;
6b4e9423a5b1;5834;_ALL;0;453826;14.659986495972;0;15.397406578064;12.141894008442;1740060696;2.5920894516354;67.530750790489;56419;1.7735348096564;0;0;2931.9976420125;0;15.654857447659;1740060681;0;0.3069579412629;
6b4e9423a5b1;5834;5834;15.375995635986;453826;14.659986495972;0;15.397406578064;12.141894008442;1740060696;2.5920894516354;67.530750790489;56419;1.7735348096564;0;0;2931.9976420125;3.2489969730377;15.654857447659;1740060681;0;0.3069579412629;
