name;time_p;time_s;cpi_ratio;
/usr/lib/aarch64-linux-gnu/libc.so.6;97.407913208008;14.279987335205;;
Unknown module;2.5920894145966;0.37999996542931;;
