name;time_p;time_s;cpi_ratio;
/usr/lib/aarch64-linux-gnu/libc.so.6;96.868095397949;13.145005226135;;
Unknown module;3.1319074630737;0.42499998211861;;
