Node;Process;Thread;#max_time_on_cpu_s;#Stop Time US;Time (s);Math (%);#Elapsed Time;String (%);#Stop Time S;Others (%);System (%);#Start Time US;Memory (%);OMP (%);Binary (%);Nb Cycle Events;#max_context_switch_time_s;IO (%);#Start Time S;MPI (%);Pthread (%);
_ALL;_ALL;_ALL;0;240206;4.4100017547607;0;5.8509249687195;34.69384887655;1740066071;2.3809510481675;10.430834433542;389281;1.7006792747574;0;0;882.00049371711;0;49.886576333986;1740066065;0;0.90702897073047;
6b4e9423a5b1;_ALL;_ALL;0;240206;4.4100017547607;0;5.8509249687195;34.69384887655;1740066071;2.3809510481675;10.430834433542;389281;1.7006792747574;0;0;882.00049371711;0;49.886576333986;1740066065;0;0.90702897073047;
6b4e9423a5b1;6374;_ALL;0;240206;4.4100017547607;0;5.8509249687195;34.69384887655;1740066071;2.3809510481675;10.430834433542;389281;1.7006792747574;0;0;882.00049371711;0;49.886576333986;1740066065;0;0.90702897073047;
6b4e9423a5b1;6374;6374;5.8160085678101;240206;4.4100017547607;0;5.8509249687195;34.69384887655;1740066071;2.3809510481675;10.430834433542;389281;1.7006792747574;0;0;882.00049371711;1.0279990434647;49.886576333986;1740066065;0;0.90702897073047;
