name;time_p;time_s;cpi_ratio;
/usr/lib/aarch64-linux-gnu/libc.so.6;98.660163879395;4.049994468689;;
Unknown module;1.3398311138153;0.054999995976686;;
