name;time_p;time_s;cpi_ratio;
/usr/lib/aarch64-linux-gnu/libc.so.6;98.639457702637;4.3500018119812;;
Unknown module;1.3605433702469;0.059999987483025;;
