Node;Process;Thread;#max_time_on_cpu_s;#Stop Time US;Time (s);Math (%);#Elapsed Time;String (%);#Stop Time S;Others (%);System (%);#Start Time US;Memory (%);OMP (%);Binary (%);Nb Cycle Events;#max_context_switch_time_s;IO (%);#Start Time S;MPI (%);Pthread (%);
_ALL;_ALL;_ALL;0;795606;13.570004463196;0;15.220917701721;12.601320140104;1740061780;3.4635210854218;67.649198125726;574688;2.1370663093901;0;0;2714.0010839141;0;13.743543544909;1740061765;0;0.40530568190893;
6b4e9423a5b1;_ALL;_ALL;0;795606;13.570004463196;0;15.220917701721;12.601320140104;1740061780;3.4635210854218;67.649198125726;574688;2.1370663093901;0;0;2714.0010839141;0;13.743543544909;1740061765;0;0.40530568190893;
6b4e9423a5b1;5984;_ALL;0;795606;13.570004463196;0;15.220917701721;12.601320140104;1740061780;3.4635210854218;67.649198125726;574688;2.1370663093901;0;0;2714.0010839141;0;13.743543544909;1740061765;0;0.40530568190893;
6b4e9423a5b1;5984;5984;15.198974609375;795606;13.570004463196;0;15.220917701721;12.601320140104;1740061780;3.4635210854218;67.649198125726;574688;2.1370663093901;0;0;2714.0010839141;3.1889998912811;13.743543544909;1740061765;0;0.40530568190893;
