name;time_p;time_s;cpi_ratio;
/usr/lib/aarch64-linux-gnu/libc.so.6;96.943756103516;3.9649951457977;;
Unknown module;3.0562384128571;0.12500001490116;;
