Node;Process;Thread;#max_time_on_cpu_s;#Stop Time US;Time (s);Math (%);#Elapsed Time;String (%);#Stop Time S;Others (%);System (%);#Start Time US;Memory (%);OMP (%);Binary (%);Nb Cycle Events;#max_context_switch_time_s;IO (%);#Start Time S;MPI (%);Pthread (%);
_ALL;_ALL;_ALL;0;926613;4.0899953842163;0;4.6374177932739;14.42544549576;1740058264;3.6674858929989;62.714008567262;289195;2.0782419399903;0;0;817.99907281225;0;16.259187060262;1740058260;0;0.85574661786391;
6b4e9423a5b1;_ALL;_ALL;0;926613;4.0899953842163;0;4.6374177932739;14.42544549576;1740058264;3.6674858929989;62.714008567262;289195;2.0782419399903;0;0;817.99907281225;0;16.259187060262;1740058260;0;0.85574661786391;
6b4e9423a5b1;5715;_ALL;0;926613;4.0899953842163;0;4.6374177932739;14.42544549576;1740058264;3.6674858929989;62.714008567262;289195;2.0782419399903;0;0;817.99907281225;0;16.259187060262;1740058260;0;0.85574661786391;
6b4e9423a5b1;5715;5715;3.1630020141602;926613;4.0899953842163;0;4.6374177932739;14.42544549576;1740058264;3.6674858929989;62.714008567262;289195;2.0782419399903;0;0;817.99907281225;1.0190000534058;16.259187060262;1740058260;0;0.85574661786391;
