Node;Process;Thread;#max_time_on_cpu_s;#Stop Time US;Time (s);Math (%);#Elapsed Time;String (%);#Stop Time S;Others (%);System (%);#Start Time US;Memory (%);OMP (%);Binary (%);Nb Cycle Events;#max_context_switch_time_s;IO (%);#Start Time S;MPI (%);Pthread (%);
_ALL;_ALL;_ALL;0;321357;4.1049947738647;0;5.6698498725891;35.810031446251;1740065540;3.1668734086019;8.526197443634;651507;0.7308169404466;0;0;820.9990310752;0;50.060967534793;1740065534;0;1.7052395277087;
6b4e9423a5b1;_ALL;_ALL;0;321357;4.1049947738647;0;5.6698498725891;35.810031446251;1740065540;3.1668734086019;8.526197443634;651507;0.7308169404466;0;0;820.9990310752;0;50.060967534793;1740065534;0;1.7052395277087;
6b4e9423a5b1;6302;_ALL;0;321357;4.1049947738647;0;5.6698498725891;35.810031446251;1740065540;3.1668734086019;8.526197443634;651507;0.7308169404466;0;0;820.9990310752;0;50.060967534793;1740065534;0;1.7052395277087;
6b4e9423a5b1;6302;6302;5.6360030174255;321357;4.1049947738647;0;5.6698498725891;35.810031446251;1740065540;3.1668734086019;8.526197443634;651507;0.7308169404466;0;0;820.9990310752;0.92400598526001;50.060967534793;1740065534;0;1.7052395277087;
