name;time_p;time_s;cpi_ratio;
/usr/lib/aarch64-linux-gnu/libc.so.6;97.486717224121;13.770009994507;;
Unknown module;2.5132720470428;0.35499998927116;;
