Node;Process;Thread;#max_time_on_cpu_s;#Stop Time US;Time (s);Math (%);#Elapsed Time;String (%);#Stop Time S;Others (%);System (%);#Start Time US;Memory (%);OMP (%);Binary (%);Nb Cycle Events;#max_context_switch_time_s;IO (%);#Start Time S;MPI (%);Pthread (%);
_ALL;_ALL;_ALL;0;453642;0.074999995529652;0;0.76482498645782;0;1740067580;66.666661331428;0;688817;0;0;0;15.000001200429;0;33.333330665714;1740067579;0;0;
6b4e9423a5b1;_ALL;_ALL;0;453642;0.074999995529652;0;0.76482498645782;0;1740067580;66.666661331428;0;688817;0;0;0;15.000001200429;0;33.333330665714;1740067579;0;0;
6b4e9423a5b1;7058;_ALL;0;453642;0.074999995529652;0;0.76482498645782;0;1740067580;66.666661331428;0;688817;0;0;0;15.000001200429;0;33.333330665714;1740067579;0;0;
6b4e9423a5b1;7058;7058;0.0050010001286864;453642;0.074999995529652;0;0.76482498645782;0;1740067580;66.666661331428;0;688817;0;0;0;15.000001200429;0.0050010001286864;33.333330665714;1740067579;0;0;
