name;time_p;time_s;cpi_ratio;
/usr/lib/aarch64-linux-gnu/libc.so.6;66.66667175293;0.050000004470348;;
Unknown module;33.333332061768;0.024999996647239;;
