name;time_p;time_s;cpi_ratio;
/usr/lib/aarch64-linux-gnu/libc.so.6;98.725387573242;4.259991645813;;
Unknown module;1.2746260166168;0.054999999701977;;
