name;time_p;time_s;cpi_ratio;
/usr/lib/aarch64-linux-gnu/libc.so.6;96.941680908203;13.630029678345;;
Unknown module;3.058315038681;0.43000000715256;;
