Node;Process;Thread;#max_time_on_cpu_s;#Stop Time US;Time (s);Math (%);#Elapsed Time;String (%);#Stop Time S;Others (%);System (%);#Start Time US;Memory (%);OMP (%);Binary (%);Nb Cycle Events;#max_context_switch_time_s;IO (%);#Start Time S;MPI (%);Pthread (%);
_ALL;_ALL;_ALL;0;157413;4.3149909973145;0;5.8243131637573;36.732408803987;1740066613;1.8540015096117;9.0382588430924;333100;0.81112566045512;0;0;862.99821855868;0;50.289801705299;1740066607;0;1.274626037858;
6b4e9423a5b1;_ALL;_ALL;0;157413;4.3149909973145;0;5.8243131637573;36.732408803987;1740066613;1.8540015096117;9.0382588430924;333100;0.81112566045512;0;0;862.99821855868;0;50.289801705299;1740066607;0;1.274626037858;
6b4e9423a5b1;6988;_ALL;0;157413;4.3149909973145;0;5.8243131637573;36.732408803987;1740066613;1.8540015096117;9.0382588430924;333100;0.81112566045512;0;0;862.99821855868;0;50.289801705299;1740066607;0;1.274626037858;
6b4e9423a5b1;6988;6988;5.8059949874878;157413;4.3149909973145;0;5.8243131637573;36.732408803987;1740066613;1.8540015096117;9.0382588430924;333100;0.81112566045512;0;0;862.99821855868;0.76800000667572;50.289801705299;1740066607;0;1.274626037858;
